beneficiary_id,account_id,beneficiary_name,beneficiary_account_number,beneficiary_bank,beneficiary_ifsc_swift,relationship_to_account_holder,date_added,is_first_time_beneficiary,is_verified,beneficiary_risk_flag,total_transfers_to_date
BENE000001,ACC000001,Arunima Chacko,JCQG2856914630316,Union Bank of India,DOTTGBDT,self,2018-07-30,False,True,none,12
BENE000002,ACC000001,Jagdish Arora,WEWA2758842524105,State Bank of India,ZNIQGBEQ,business_partner,2016-12-18,False,True,watchlist,32
BENE000003,ACC000002,Watika Shah,QLBP9252419138000,Union Bank of India,HBPLGBYJ,family,2023-01-07,False,True,none,22
BENE000004,ACC000002,Balendra Saini,HKHN5419518023806,IndusInd Bank,COJYGBTU,family,2024-04-15,False,True,none,20
BENE000005,ACC000002,Tanmayi Anand,LGJS4937597383206,Punjab National Bank,AHRLGBAV,self,2024-05-19,True,True,none,23
BENE000006,ACC000002,Krisha Mohanty,DGQH6702410386571,Kotak Mahindra Bank,SDQEGBZE,employer,2016-03-25,False,True,none,7
BENE000007,ACC000003,Radhika De,HJIK6557431329121,Punjab National Bank,FOOKGB0H,employer,2025-12-29,False,True,none,28
BENE000008,ACC000003,Sarthak Seth,JOID1249035213568,IDFC First Bank,BVJIGBLB,vendor,2022-03-15,True,False,none,4
BENE000009,ACC000003,Sneha Krish,DODZ2100323651994,Yes Bank,CACGGB2I,family,2019-11-03,False,False,none,25
BENE000010,ACC000003,Garima Das,BOBF9667066253244,IDFC First Bank,OEBTGBPS,unknown/first-time,2025-06-26,False,True,none,25
BENE000011,ACC000004,Nisha Srinivas,BCIM2638380657875,Union Bank of India,SQKMGBRL,self,2022-02-28,False,True,none,12
BENE000012,ACC000004,Eiravati Kanda,AZYI0785932133480,Axis Bank,YHSZGBYW,employer,2024-03-01,False,True,none,27
BENE000013,ACC000004,Patrick Khalsa,SKZX5905992937842,Punjab National Bank,PBCBGBOO,friend,2025-09-03,False,True,none,25
BENE000014,ACC000004,Vanya Acharya,KTGZ2525002921851,Punjab National Bank,LWVMGBGV,unknown/first-time,2025-11-08,False,False,high_risk,32
BENE000015,ACC000005,Ekantika Deshpande,FXNZ7528953926442,Punjab National Bank,FXAWGBZC,self,2024-05-19,True,True,none,14
BENE000016,ACC000005,Eesha Kant,USDP2513552157043,State Bank of India,HWCLGBQG,self,2024-05-02,False,True,none,31
BENE000017,ACC000005,Chanakya Raju,OXNF6765861793271,HDFC Bank,ZBJAGBUQ,family,2024-12-08,False,True,none,39
BENE000018,ACC000006,Ethan Oommen,FMFX1815997062962,IDFC First Bank,BDKGGBM0,business_partner,2024-07-22,True,False,none,31
BENE000019,ACC000007,Baghyawati Mishra,HDBM9872050614973,Kotak Mahindra Bank,DAGFGBSF,employer,2024-02-16,False,True,high_risk,2
BENE000020,ACC000007,Jack Morar,ZMPP4186256527047,ICICI Bank,OIHIGBDJ,vendor,2025-01-12,False,True,watchlist,28
BENE000021,ACC000007,Frederick Padmanabhan,ZRNY9380686879374,HDFC Bank,CMWBGB67,self,2022-09-16,False,True,watchlist,10
BENE000022,ACC000007,Jai Sen,FFGZ3206163294511,IndusInd Bank,MRMRGBUR,family,2023-11-11,False,False,none,7
BENE000023,ACC000008,Advik Virk,ZNDN2299911914856,IDFC First Bank,IMUPGB4C,unknown/first-time,2025-03-26,False,False,none,10
BENE000024,ACC000008,Anya Rau,ETTV6065307450544,HDFC Bank,IPWVGBGO,vendor,2024-08-24,False,False,none,24
BENE000025,ACC000008,Charita Savant,YKIX6913736785082,Yes Bank,CJWQGBZI,business_partner,2024-09-09,False,True,none,37
BENE000026,ACC000008,Oscar Hans,GBHB7053457861035,State Bank of India,PTOFGB49,business_partner,2024-11-12,True,True,none,37
BENE000027,ACC000009,Hemangini Gade,IXWC4060293333468,Yes Bank,AYYVGBA4,vendor,2017-08-09,False,False,none,22
BENE000028,ACC000010,Oscar Anand,HITZ4466574374896,HDFC Bank,SDAQGBX9,unknown/first-time,2022-06-06,False,True,none,19
BENE000029,ACC000010,Chanchal Chokshi,PCKI5444328309652,ICICI Bank,XAUPGBSQ,unknown/first-time,2020-11-28,False,True,none,10
BENE000030,ACC000010,Nidhi Rama,XBSW9353875842824,IDFC First Bank,DPEXGBQ9,friend,2020-09-02,True,False,none,27
BENE000031,ACC000010,Gautami Chakraborty,HLHX4655494717099,IDFC First Bank,TCPGGB6H,vendor,2022-08-15,False,True,none,37
BENE000032,ACC000011,Chanchal Sachdev,BEEG5697252175250,IndusInd Bank,AOIGGBKK,employer,2023-12-13,False,True,none,31
BENE000033,ACC000012,Gaurang Dayal,TNUN6676008350583,Axis Bank,AVAUGBPO,friend,2021-10-28,False,True,none,19
BENE000034,ACC000013,Devika Dayal,DMQS4210447898562,Axis Bank,KPLYGBMK,vendor,2025-05-08,False,True,none,34
BENE000035,ACC000013,Anirudh Kari,HXEG0982150648909,Kotak Mahindra Bank,BVDUGBBD,friend,2024-02-06,True,True,high_risk,25
BENE000036,ACC000013,Omaja Sawhney,MDRI7230461849926,Union Bank of India,DQXTGBHS,unknown/first-time,2024-03-12,True,True,none,17
BENE000037,ACC000014,Hitesh Tank,GTGY4835642087375,IDFC First Bank,HAAVGBFH,vendor,2024-06-01,False,True,none,4
BENE000038,ACC000015,Manthan Chana,YQCX1437447012045,Kotak Mahindra Bank,ZVKNGBHG,vendor,2025-12-06,False,True,none,25
BENE000039,ACC000015,Aditya Devi,VUFK5794155216674,Union Bank of India,MWPZGB0K,employer,2025-07-25,False,True,watchlist,40
BENE000040,ACC000015,Kevin Bhargava,FDNS7972965902771,IDFC First Bank,NOBCGBQU,business_partner,2024-06-05,False,False,none,29
BENE000041,ACC000016,Udarsh Nigam,QQWW9163756289002,IDFC First Bank,QPPFGBE5,business_partner,2022-12-21,False,False,watchlist,40
BENE000042,ACC000016,Wridesh Narayanan,IBQH8663177971775,IDFC First Bank,DPXUGBBG,family,2020-11-04,True,False,none,9
BENE000043,ACC000016,Nitara Banik,RRAC9948837550375,Kotak Mahindra Bank,RYTTGB4X,business_partner,2021-06-13,False,False,none,4
BENE000044,ACC000017,Ishaan Chatterjee,YVHA5548851027261,Kotak Mahindra Bank,ITGGGBHZ,business_partner,2022-09-02,False,True,none,38
BENE000045,ACC000017,Tanvi Halder,WKDY6091779827080,IndusInd Bank,RNSPGB6L,family,2021-03-12,True,True,none,15
BENE000046,ACC000018,Kabir Chawla,MVTT5866934654722,Punjab National Bank,NTWXGB6T,employer,2024-08-08,False,False,none,2
BENE000047,ACC000018,Teerth Iyer,GTWJ5228851587996,State Bank of India,VXRJGB1A,friend,2019-07-03,True,True,none,17
BENE000048,ACC000018,Aryan Raj,EBVB3424420438057,IDFC First Bank,DTVXGB9O,family,2017-11-25,False,False,none,3
BENE000049,ACC000019,Wazir Vaidya,ZZZW4066658004397,Union Bank of India,HUWWGBX8,friend,2024-04-23,False,False,watchlist,5
BENE000050,ACC000020,Rishi Menon,OFVC2281606484229,State Bank of India,IAKOGBJC,family,2023-02-26,False,True,none,37
BENE000051,ACC000020,Ekantika Behl,YUTV4798515832818,Kotak Mahindra Bank,FNRRGBZF,vendor,2023-01-24,False,True,none,20
BENE000052,ACC000020,Timothy Kala,VKKL4398780157399,Union Bank of India,HBVKGBYH,unknown/first-time,2024-05-03,False,True,watchlist,13
BENE000053,ACC000020,Aahana Zachariah,XJAQ5887704358112,ICICI Bank,YRRAGBEN,family,2023-08-04,True,True,none,16
BENE000054,ACC000021,Panini Chawla,GRWX6120750110248,IDFC First Bank,CSHIGB0Y,friend,2018-02-16,False,True,none,30
BENE000055,ACC000022,Nidhi Sant,KAMV1809190158144,State Bank of India,TCJYGB2Y,friend,2025-04-12,False,True,none,1
BENE000056,ACC000022,Azaan Som,FRHE6842450882100,Union Bank of India,STMRGB9F,self,2023-06-28,False,True,none,24
BENE000057,ACC000023,Shivansh Padmanabhan,GNUQ2223943129087,Yes Bank,URCJGBEQ,business_partner,2025-03-31,False,True,none,15
BENE000058,ACC000023,Rudra Sur,KLEV3149135775949,IndusInd Bank,ESSLGBU1,self,2024-01-02,False,True,none,15
BENE000059,ACC000023,Aayush Munshi,HZHW6452577754781,Axis Bank,FUTCGBRI,business_partner,2023-01-05,False,False,none,26
BENE000060,ACC000024,Adya Bose,XCAQ0996930848872,ICICI Bank,LMHYGBSI,business_partner,2024-12-14,False,False,none,21
BENE000061,ACC000025,Yachana Uppal,CMLQ0392827229927,State Bank of India,LBHYGB5O,unknown/first-time,2023-12-24,True,True,none,38
BENE000062,ACC000025,Aishani Pingle,HBVG8567700518449,IDFC First Bank,RSFMGBYX,unknown/first-time,2024-04-04,False,False,none,3
BENE000063,ACC000025,Zansi Krishnamurthy,MHQM5577908272318,State Bank of India,UIGEGBLK,unknown/first-time,2024-10-02,False,True,none,12
BENE000064,ACC000025,Jagat Karpe,NZKX1777392603029,Kotak Mahindra Bank,SFEUGB6C,friend,2025-04-26,False,True,none,15
BENE000065,ACC000026,Daksh Ganesan,IFQM9904137977236,IndusInd Bank,TEZSGBL6,business_partner,2024-11-16,False,False,none,8
BENE000066,ACC000026,Oliver Oommen,OTSC3662103886291,State Bank of India,FPTTGBC8,unknown/first-time,2025-06-16,False,True,none,12
BENE000067,ACC000027,Girik Subramaniam,VETR0686508637659,Yes Bank,ZXYWGBG1,family,2022-09-10,False,False,watchlist,36
BENE000068,ACC000028,Aachal Sood,YHCJ9864300981806,HDFC Bank,UGWZGBU0,employer,2025-10-30,True,True,watchlist,29
BENE000069,ACC000028,Hredhaan Dubey,NUSI4869594636887,Kotak Mahindra Bank,FLRRGB4Q,unknown/first-time,2024-10-24,True,True,none,27
BENE000070,ACC000029,Hemangini Rao,XEVD3721386589026,ICICI Bank,UAZCGBJ4,friend,2018-12-06,True,True,none,33
BENE000071,ACC000029,Gaurang Bhatt,IHLC9066984902770,Punjab National Bank,GVZQGBSM,business_partner,2024-06-10,False,True,none,13
BENE000072,ACC000029,Yashvi Varty,WHTF0530214656693,Kotak Mahindra Bank,QAXWGBEF,friend,2024-06-10,True,False,none,13
BENE000073,ACC000030,Ijaya Palan,IHTG7690426818184,Axis Bank,KDZQGBQ8,vendor,2024-05-28,False,False,none,1
BENE000074,ACC000030,Saanvi Purohit,SPYH5779071416335,Kotak Mahindra Bank,NLQRGBAQ,family,2025-07-22,False,True,none,29
BENE000075,ACC000031,Bhavna Chander,MVXK1827553942373,Punjab National Bank,HXHIGBNO,family,2025-05-18,True,False,none,24
BENE000076,ACC000032,Zaid Parekh,EYDD1790807595794,Union Bank of India,PFYQGBRZ,friend,2020-01-21,False,True,none,3
BENE000077,ACC000032,Kabir Bhagat,QZNP8085627187500,Axis Bank,VGMSGBGU,vendor,2022-06-13,False,True,none,32
BENE000078,ACC000032,Aashi Grover,RIHI7955276365564,IndusInd Bank,OFSEGBOG,friend,2022-10-17,False,True,none,35
BENE000079,ACC000032,Warinder Sankaran,MGEZ2702672885744,Union Bank of India,RSBMGBGK,family,2021-08-25,True,True,none,21
BENE000080,ACC000033,Tanveer Kumar,PUDO5455884506159,ICICI Bank,GSSUGB8L,friend,2025-04-03,True,False,none,7
BENE000081,ACC000033,Isha Nair,VQPY7169472256996,HDFC Bank,CCFKGBOU,family,2024-09-21,False,True,none,27
BENE000082,ACC000033,Bishakha Loke,TUMI7598762202341,Kotak Mahindra Bank,GFMDGBGE,employer,2020-09-19,False,True,none,10
BENE000083,ACC000033,Chatura Bal,YMQY1149216433472,Punjab National Bank,EQFAGBCW,business_partner,2018-10-21,False,False,none,9
BENE000084,ACC000034,Vamakshi Sibal,RIRO2829979688457,State Bank of India,RHZCGB2T,self,2024-12-08,True,True,none,29
BENE000085,ACC000035,Nitara Lad,EJAA8254780774064,Punjab National Bank,THZAGB9X,self,2024-12-07,True,True,high_risk,35
BENE000086,ACC000035,Nisha Sarkar,MHFW6634163894484,Punjab National Bank,NGCFGBIS,vendor,2024-03-27,False,True,none,5
BENE000087,ACC000035,Tamanna Sethi,IWTP3502080214427,Kotak Mahindra Bank,XAHCGBJA,family,2025-10-09,True,True,none,17
BENE000088,ACC000035,Teerth Oommen,NJZZ7570512046187,Union Bank of India,FGIMGBAH,family,2025-03-28,False,True,none,36
BENE000089,ACC000036,Lekha Savant,HXBG7183764520881,ICICI Bank,IPUJGBMX,family,2025-04-18,False,True,watchlist,1
BENE000090,ACC000036,Tejas Chowdhury,HUNK0249163009792,ICICI Bank,LYCHGBK5,vendor,2023-03-06,False,True,none,9
BENE000091,ACC000037,Hamsini Bhasin,BLUE8127358573065,Punjab National Bank,XEIBGB52,business_partner,2025-07-05,True,False,none,17
BENE000092,ACC000038,Vrishti Gupta,SFRL5749821827448,HDFC Bank,LOAYGB6Y,unknown/first-time,2024-12-06,False,True,watchlist,36
BENE000093,ACC000039,Anirudh Patla,YTHK1863878294565,HDFC Bank,DDQVGBEC,business_partner,2023-01-04,True,True,none,3
BENE000094,ACC000039,Pranav Balay,GDPG1096789940539,ICICI Bank,WCAGGB5F,employer,2025-08-19,False,False,none,16
BENE000095,ACC000040,Darsh Patel,RXNL0948014138113,IndusInd Bank,RMGGGB7P,self,2016-01-10,True,True,none,25
BENE000096,ACC000040,Ojasvi Cherian,YUSL7612286852897,State Bank of India,LKRKGBX0,self,2020-10-03,False,False,none,19
BENE000097,ACC000041,Ekiya Khosla,SRGM8457760049082,ICICI Bank,JAJHGBNU,business_partner,2020-10-02,False,True,none,24
BENE000098,ACC000041,Anya Vaidya,RSSE1075224593344,Kotak Mahindra Bank,CSMSGBNE,employer,2022-09-26,False,False,none,27
BENE000099,ACC000042,Vasudha Ghose,PWWS1940961055661,State Bank of India,YHXUGBAY,vendor,2024-04-10,False,True,none,21
BENE000100,ACC000042,Dalaja Viswanathan,BKRS2583206799813,Axis Bank,NJZMGBJI,unknown/first-time,2021-12-20,False,False,none,33
BENE000101,ACC000042,Fitan Soni,SXBR6416862278376,Kotak Mahindra Bank,USGRGB7P,vendor,2024-05-15,True,True,watchlist,30
BENE000102,ACC000043,Ekbal Lata,YNKV9116655355904,State Bank of India,FLTZGB2J,unknown/first-time,2024-04-13,True,True,none,18
BENE000103,ACC000043,Chaitanya Kaur,GVLE1103924051477,HDFC Bank,AKGXGB8N,employer,2023-05-01,False,True,none,32
BENE000104,ACC000043,Aarna Subramanian,TXEW0698042043940,IndusInd Bank,OUACGBYR,self,2024-12-24,False,True,none,37
BENE000105,ACC000044,Hritik Bahl,JUMH6815798123878,HDFC Bank,WABHGB7T,self,2024-08-01,False,False,none,11
BENE000106,ACC000045,Vrishti Ramaswamy,XFAL5543840460843,ICICI Bank,EKMVGBIF,vendor,2025-12-25,True,True,none,29
BENE000107,ACC000045,Utkarsh Sahni,HSEN4957823298324,Punjab National Bank,WWQEGB1J,employer,2025-11-02,False,True,none,11
BENE000108,ACC000045,Eesha Bir,RRXD2520566474231,State Bank of India,EFAYGBRO,self,2025-09-16,True,True,watchlist,6
BENE000109,ACC000045,Vihaan Bal,LCWY7289752677223,IDFC First Bank,HBNYGBAR,self,2024-02-18,False,False,none,10
BENE000110,ACC000046,Tristan Jain,YGCF7975736609656,IndusInd Bank,TXSTGB87,business_partner,2025-03-10,False,False,none,39
BENE000111,ACC000046,Ikbal Seth,OBHQ8608680347644,IndusInd Bank,OFNJGBD7,business_partner,2023-09-06,False,True,none,0
BENE000112,ACC000046,Ubika Seth,CXQD2982665702793,ICICI Bank,OCIKGBKH,business_partner,2022-06-17,True,True,watchlist,13
BENE000113,ACC000046,Ishaan Sengupta,ULCQ6892686025922,State Bank of India,EFYWGBD0,unknown/first-time,2023-06-03,False,False,none,34
BENE000114,ACC000047,Dayamai Sehgal,JUFD2309407778097,Kotak Mahindra Bank,HGSVGB43,business_partner,2022-03-05,True,True,none,1
BENE000115,ACC000047,Riya Buch,TTAH8498302205020,State Bank of India,VSTJGBVF,family,2024-07-08,True,False,high_risk,30
BENE000116,ACC000048,Ikbal Saha,FFVJ9998279501455,Union Bank of India,MCYNGB9E,family,2019-08-13,False,True,none,25
BENE000117,ACC000049,Urishilla Desai,DWIK8683390198179,HDFC Bank,ZWJNGBUQ,self,2024-08-17,False,False,high_risk,31
BENE000118,ACC000050,Kai Taneja,QXUP7293430107139,Punjab National Bank,NNBKGBW9,vendor,2024-04-03,True,False,none,3
BENE000119,ACC000050,Advay Jaggi,WJIZ1448850155699,HDFC Bank,AFGKGBV4,vendor,2025-01-08,False,True,none,17
BENE000120,ACC000050,Balendra Deshpande,PEUO8576084958803,IndusInd Bank,SVKZGBWE,vendor,2021-02-11,False,False,none,22
BENE000121,ACC000051,Avni Balasubramanian,KMUR2996291450461,IndusInd Bank,PHLOGBTN,self,2023-08-06,False,True,none,30
BENE000122,ACC000051,Parth Choudhury,LZBY3178078235784,Punjab National Bank,YKEYGBG7,family,2025-01-25,False,True,none,21
BENE000123,ACC000051,Samesh Bansal,OMWQ1040915701840,Punjab National Bank,SYJUGBNU,family,2024-02-27,False,False,high_risk,23
BENE000124,ACC000051,Reyansh Mangat,IRKY7142241098813,State Bank of India,RLRKGBRJ,employer,2023-10-16,False,True,none,5
BENE000125,ACC000052,Yash Garg,CJTK8702070160166,State Bank of India,FWTSGB2W,family,2022-01-11,True,False,none,26
BENE000126,ACC000052,Gaurangi Hora,WYVZ8179217174773,Kotak Mahindra Bank,HETIGBXZ,family,2022-06-25,False,True,high_risk,22
BENE000127,ACC000052,Ganga Nair,OPAC7157724599281,Yes Bank,MWZDGBU9,unknown/first-time,2022-01-18,False,True,none,32
BENE000128,ACC000052,Chasmum Walia,OMSN3938276153966,ICICI Bank,SZKRGBPL,friend,2024-05-12,True,True,none,7
BENE000129,ACC000053,Vidhi Contractor,STOK8172461919657,Kotak Mahindra Bank,UVBCGBNI,friend,2025-11-03,False,True,none,35
BENE000130,ACC000053,Manan Dixit,ORJM9973354946519,State Bank of India,ATQMGBIS,business_partner,2025-01-13,False,True,none,28
BENE000131,ACC000054,Kala Bera,AWRL1403696566668,ICICI Bank,GVFPGBIM,business_partner,2022-05-25,True,True,none,10
BENE000132,ACC000054,Jagvi Sahni,EJVE2010276212679,ICICI Bank,NTFOGB61,business_partner,2023-04-12,False,True,none,18
BENE000133,ACC000054,Leena Pant,HFNT0973846895009,Punjab National Bank,PWLDGB4F,business_partner,2025-10-31,False,False,none,6
BENE000134,ACC000054,Ati Shroff,QCQT1371894905807,Yes Bank,OQPSGBV0,friend,2022-09-14,True,True,none,28
BENE000135,ACC000055,Chaitaly Mann,FBWT4940792904904,Axis Bank,PCEQGBER,business_partner,2025-10-28,True,True,none,10
BENE000136,ACC000055,Kevin Mand,IIAX1929275243728,Kotak Mahindra Bank,BKCEGBJ5,friend,2025-07-29,True,True,none,15
BENE000137,ACC000055,Leela Khanna,VOXU2395041027674,IDFC First Bank,PXYRGBOY,vendor,2024-10-12,True,True,none,26
BENE000138,ACC000055,Urvi Lala,EQNA4765801856945,Punjab National Bank,IIZDGBQZ,business_partner,2025-05-07,False,True,none,0
BENE000139,ACC000056,Wyatt Hayer,QKVW2580010618175,Yes Bank,HXJIGBMC,friend,2023-10-24,True,True,none,25
BENE000140,ACC000057,George Bhandari,TVGT1119269212447,State Bank of India,VCUOGBR1,employer,2023-04-27,False,True,none,35
BENE000141,ACC000058,Aarini Edwin,YCIY0665044271739,Yes Bank,MFUPGBGJ,friend,2016-06-14,False,True,watchlist,39
BENE000142,ACC000058,Tejas Cherian,OWID0119470720064,IndusInd Bank,EWKMGBA6,vendor,2019-10-22,True,False,none,25
BENE000143,ACC000058,Vanya Sarin,MXYZ1830671985546,Kotak Mahindra Bank,BUUCGBX8,self,2016-12-11,True,True,none,8
BENE000144,ACC000059,Faris Sharaf,YYJU3280634615717,ICICI Bank,XGEBGBMB,employer,2024-03-04,True,True,none,10
BENE000145,ACC000059,Vrinda Ramachandran,CZRU4787005050613,HDFC Bank,ZUVQGB38,business_partner,2023-09-19,True,True,none,19
BENE000146,ACC000059,Viraj Bora,BXEP0790320204179,IndusInd Bank,FSCDGBH5,employer,2022-06-16,False,True,none,16
BENE000147,ACC000060,Dev Jain,NKZX6519825309251,HDFC Bank,DIEYGB0K,business_partner,2024-01-21,True,True,none,36
BENE000148,ACC000060,Nitesh Sarna,HSBE1962071002194,HDFC Bank,NWZZGB4I,vendor,2021-05-27,False,True,none,37
BENE000149,ACC000060,Luke Madan,QONH2909279145608,IDFC First Bank,HGDQGBGX,business_partner,2023-08-02,False,True,none,18
BENE000150,ACC000061,Ucchal Joshi,IBGD2772200543645,IndusInd Bank,TZYOGBCG,employer,2023-02-02,False,True,none,37
BENE000151,ACC000061,Patrick Dugar,ZAPQ1137995635315,Yes Bank,HDHXGB0M,vendor,2021-10-25,True,True,none,26
BENE000152,ACC000062,Thomas Borah,PSPB6239726527354,HDFC Bank,GKEBGBDR,vendor,2023-11-10,True,False,none,4
BENE000153,ACC000063,Indrajit Shroff,ONFY5349292983168,IDFC First Bank,PGSPGB3R,vendor,2023-11-21,False,True,none,40
BENE000154,ACC000063,Priya Koshy,HKNS3929060078068,Punjab National Bank,MPZZGBG2,unknown/first-time,2025-07-01,False,False,none,9
BENE000155,ACC000063,Wridesh Chacko,RYAW6325431074279,State Bank of India,XSAOGB3I,vendor,2024-12-16,False,True,high_risk,32
BENE000156,ACC000064,Qasim Prabhakar,UOWU0165804649893,Axis Bank,ZVCTGBVD,vendor,2025-05-12,False,True,none,35
BENE000157,ACC000065,Charan Choudhry,MLOT0552818325381,Union Bank of India,UPXYGBNO,business_partner,2024-12-03,True,True,none,36
BENE000158,ACC000065,Ira Loke,QVNI0155778817884,HDFC Bank,OTLZGBEM,employer,2022-10-02,False,True,none,23
BENE000159,ACC000065,Gagan Buch,MFJC1241272380468,Kotak Mahindra Bank,EPLNGB2B,vendor,2021-09-07,False,True,none,37
BENE000160,ACC000066,Ranbir Bhatnagar,AZHQ5695579887749,Kotak Mahindra Bank,EZJFGBQO,friend,2019-07-21,True,True,none,31
BENE000161,ACC000066,Kamya Mani,YBEL4729284222231,ICICI Bank,BKSEGB2Q,employer,2021-10-25,True,True,watchlist,26
BENE000162,ACC000066,Qarin Jha,RWBV5525782841067,Union Bank of India,YEOKGBJA,friend,2025-07-05,False,False,watchlist,24
BENE000163,ACC000066,Chakrika Som,JYSV2975170281406,Union Bank of India,THOLGBFU,family,2018-03-29,False,False,none,28
BENE000164,ACC000067,Robert Vyas,HZYI3018718637599,Yes Bank,QBVLGBZJ,self,2025-03-11,False,False,none,25
BENE000165,ACC000067,Kala Raju,LAJL5478137674266,IDFC First Bank,ESTCGBJN,self,2024-02-03,False,False,none,5
BENE000166,ACC000068,Vaishnavi Vohra,KCSY6106462879232,HDFC Bank,MJRPGBCT,employer,2025-08-03,False,True,none,7
BENE000167,ACC000068,Wakeeta Sheth,HAZA2447146273014,IDFC First Bank,PCTXGBX4,self,2023-09-23,False,True,high_risk,33
BENE000168,ACC000069,Aarna Soni,WDLQ9042902572520,IDFC First Bank,ILNUGBWD,self,2018-11-19,False,True,high_risk,17
BENE000169,ACC000069,Bishakha Wagle,UCQG2192855445189,Axis Bank,LEAEGB7S,business_partner,2024-05-24,True,True,none,38
BENE000170,ACC000070,Vedhika Sabharwal,KFDG2833898881671,Union Bank of India,DEAPGBWT,self,2023-04-24,False,True,none,11
BENE000171,ACC000070,Liam Sathe,TQYK2401322342321,HDFC Bank,NWYZGBHE,business_partner,2023-08-16,False,True,none,5
BENE000172,ACC000070,Veda Sankar,BGDB8907140140119,ICICI Bank,GSGFGBWB,employer,2020-07-24,True,True,none,16
BENE000173,ACC000071,Madhav Mall,SLLF8938911908334,Kotak Mahindra Bank,FYRAGBGN,vendor,2022-09-28,True,True,none,20
BENE000174,ACC000072,Jeevika Goyal,OVDF5663836151718,HDFC Bank,EPYLGBS9,friend,2024-06-23,True,True,none,26
BENE000175,ACC000072,Fitan Narang,PDMJ7947386463175,Kotak Mahindra Bank,FAVPGBGZ,vendor,2022-03-10,False,True,none,38
BENE000176,ACC000073,Frederick Dar,EMMW9121535396136,IDFC First Bank,XPIYGBRZ,business_partner,2025-03-24,False,False,watchlist,17
BENE000177,ACC000073,Vamakshi Ravel,PQIE7114773201017,Yes Bank,VAFMGBUJ,vendor,2025-05-01,True,False,none,1
BENE000178,ACC000074,Gopal Bose,VYQY7734778485880,Axis Bank,YBNDGBY2,self,2021-06-09,False,True,none,35
BENE000179,ACC000074,Krisha Savant,OBBF8427624671978,State Bank of India,VRSPGB49,friend,2023-12-25,False,False,none,40
BENE000180,ACC000074,Yashawini Bhalla,MIPS6954500902559,Axis Bank,AYUKGBYG,business_partner,2020-05-11,False,True,none,10
BENE000181,ACC000074,Hemani Parikh,NLBV3334911415208,IDFC First Bank,KBOVGB16,vendor,2023-11-14,True,False,none,29
BENE000182,ACC000075,Amara Bahri,WPSA5696591713578,State Bank of India,ZYVKGBKT,self,2021-07-18,False,False,none,16
BENE000183,ACC000075,Rajata Jaggi,PUZC8344049639191,IndusInd Bank,SKICGB74,friend,2022-11-05,False,True,none,34
BENE000184,ACC000075,Shaurya Palan,ZCUJ8468536649878,ICICI Bank,FAUWGB7L,friend,2021-10-18,False,False,none,8
BENE000185,ACC000076,Tanay Sibal,IURZ9690835723246,Axis Bank,NKCUGBN0,employer,2024-01-23,False,True,watchlist,21
BENE000186,ACC000076,Bhavini Dyal,IVTH6312303477866,Kotak Mahindra Bank,UBGFGBRI,business_partner,2024-12-03,False,False,none,20
BENE000187,ACC000076,Aarna Mall,VRFU0700159416516,Axis Bank,XEHDGB6H,vendor,2025-12-28,False,True,none,8
BENE000188,ACC000077,Watika Chana,HTDY5596363212347,Punjab National Bank,NISBGB58,self,2018-11-06,False,True,none,31
BENE000189,ACC000078,Isaiah Nadig,RNPV3425754090034,ICICI Bank,RMJUGBXH,business_partner,2025-09-28,False,True,none,28
BENE000190,ACC000078,Saanvi Rama,AMIJ1343275604177,ICICI Bank,XNKWGB1G,friend,2025-02-28,False,True,none,0
BENE000191,ACC000078,Advika Toor,CLNT8570027206345,Punjab National Bank,SCDFGBP7,friend,2024-10-08,True,False,none,1
BENE000192,ACC000078,Nirja Nagarajan,OPXE4295431652669,Yes Bank,HAARGBOF,family,2024-07-20,False,True,none,14
BENE000193,ACC000079,Rushil Lala,WFBM9694215291086,Yes Bank,YOVPGBHO,self,2024-09-17,False,False,watchlist,38
BENE000194,ACC000079,Rayaan Lata,JXPM2639343626204,HDFC Bank,IHTOGBPX,family,2025-11-10,True,False,none,17
BENE000195,ACC000080,Frederick Anne,PEKW6366941180053,IDFC First Bank,PLTVGBCA,family,2025-04-29,True,True,none,8
BENE000196,ACC000080,Yamini Raj,JMVL2809242875721,ICICI Bank,KWQNGBJQ,family,2024-06-22,False,True,watchlist,17
BENE000197,ACC000080,Dhriti Basu,EPIX5644948562572,HDFC Bank,RVUZGB2D,unknown/first-time,2025-05-13,True,True,none,29
BENE000198,ACC000080,Manthan Bhagat,HFBP4276170758777,IndusInd Bank,DXEDGBWF,unknown/first-time,2025-05-09,True,True,watchlist,20
BENE000199,ACC000081,Bhanumati Gole,FXQI9939089261371,Kotak Mahindra Bank,KAJVGBHZ,self,2025-07-13,False,False,none,33
BENE000200,ACC000081,Hitesh Naik,EACO7749050975923,Axis Bank,BZUJGBUD,self,2024-09-03,True,False,none,20
BENE000201,ACC000081,Lakshmi Chanda,MIFH6103266421476,IndusInd Bank,XZJVGBIW,family,2024-10-17,True,True,watchlist,1
BENE000202,ACC000081,Jhalak Vala,GPOM7499616592661,Axis Bank,BQKOGBOJ,unknown/first-time,2024-12-26,False,True,watchlist,12
BENE000203,ACC000082,Fiyaz Mannan,ONCZ7422438649081,Kotak Mahindra Bank,BQDQGB10,self,2025-11-09,False,True,none,27
BENE000204,ACC000082,Ucchal Kulkarni,LISC8017226016459,Union Bank of India,XOYVGB2Q,business_partner,2025-11-11,True,True,none,15
BENE000205,ACC000083,Rachit Kakar,FCXT4168006102776,Axis Bank,VXTXGB5T,friend,2023-05-11,False,True,none,15
BENE000206,ACC000084,Megha Mittal,CEEA3103037236831,Union Bank of India,JYOEGB41,vendor,2024-10-11,False,False,none,5
BENE000207,ACC000085,Jackson Ganesan,EXWO7707933496050,IndusInd Bank,DUWNGB05,friend,2024-09-26,True,True,none,3
BENE000208,ACC000086,Balhaar Sura,MPQS9730806958146,Kotak Mahindra Bank,PDPTGBW2,employer,2023-05-16,True,True,none,3
BENE000209,ACC000086,Ansh Edwin,JXGP5738395972466,HDFC Bank,VUXLGB4K,friend,2022-07-07,False,False,none,26
BENE000210,ACC000086,Barkha Chadha,VPEF3297167433800,Union Bank of India,LILVGBKL,business_partner,2016-03-15,True,False,none,27
BENE000211,ACC000086,Devansh Nazareth,NDTH1837455084289,Union Bank of India,VDWBGB23,self,2021-10-20,False,True,none,21
BENE000212,ACC000087,Hitesh Chaudry,RBQD2135247871255,ICICI Bank,EDGOGB0A,self,2025-08-27,True,True,none,12
BENE000213,ACC000087,Urvi Om,JQFC4565328632666,State Bank of India,OQZVGBXB,unknown/first-time,2025-06-21,False,True,none,30
BENE000214,ACC000088,Madhav Anne,WZQC1556260602908,Axis Bank,JNMVGB9T,family,2020-03-07,True,True,none,37
BENE000215,ACC000088,Hemangini Anand,IQTE6738997563410,IDFC First Bank,RKMXGBI7,unknown/first-time,2022-11-07,False,True,none,34
BENE000216,ACC000088,Tanay Chander,QRJQ5200894346810,State Bank of India,LIUQGBWH,vendor,2022-06-08,True,True,none,0
BENE000217,ACC000088,Jeet Sen,JSXA7539989354492,Union Bank of India,WMQXGBPG,unknown/first-time,2025-07-30,False,True,none,32
BENE000218,ACC000089,Zaitra Hans,YLOD2661106273715,Yes Bank,VQMSGB97,family,2024-09-08,False,True,none,21
BENE000219,ACC000090,Aishani Tara,UNOW7622827728813,Punjab National Bank,OPBXGBK9,unknown/first-time,2025-09-04,False,True,watchlist,36
BENE000220,ACC000090,Jagat Rege,DDLS4082154544702,Union Bank of India,EZSNGBDT,friend,2025-07-28,False,True,none,29
BENE000221,ACC000091,Tanveer Goswami,XPAD8510679497567,Axis Bank,XTEYGBI6,self,2024-05-07,False,True,none,13
BENE000222,ACC000092,Shivani Sen,EXKC9966365807412,Yes Bank,WASUGBT9,business_partner,2025-08-01,False,True,none,0
BENE000223,ACC000092,Frederick Hans,TRSY0983780182043,HDFC Bank,HWSOGBF8,self,2025-07-18,False,True,none,9
BENE000224,ACC000093,Neelima Bath,PAKN2608564111824,Axis Bank,EFIYGBFJ,unknown/first-time,2025-01-04,False,True,none,1
BENE000225,ACC000093,Nikita Gara,BTKF0046152654610,Axis Bank,GHYTGBP5,friend,2023-04-06,True,True,watchlist,11
BENE000226,ACC000093,Ishwar Luthra,BKOR6170630489138,IDFC First Bank,UZEJGB02,family,2023-04-13,False,True,none,16
BENE000227,ACC000094,Xiti Jani,ZELR2386870079420,State Bank of India,BPITGBQY,vendor,2021-08-12,True,True,watchlist,19
BENE000228,ACC000095,Simon Uppal,JBFX8914161284639,Yes Bank,QZKVGBVQ,business_partner,2023-05-25,True,True,watchlist,39
BENE000229,ACC000095,Anjali Korpal,VKKG7950209700268,ICICI Bank,WWPYGBZ8,self,2022-06-05,False,True,none,12
BENE000230,ACC000095,Faras Yohannan,AVOV1569562017537,IndusInd Bank,AHXAGBRW,unknown/first-time,2023-05-28,False,True,none,40
BENE000231,ACC000095,Gautam Mitter,ZWHH7504793036149,HDFC Bank,QPFRGBML,business_partner,2024-06-06,True,True,watchlist,18
BENE000232,ACC000096,Kabir Bhattacharyya,EISH8430894870605,Axis Bank,NNIDGB73,self,2024-07-20,False,True,watchlist,32
BENE000233,ACC000096,Janaki Varughese,YBXH0468750635190,Punjab National Bank,XHWNGBEP,family,2024-12-19,False,True,none,39
BENE000234,ACC000097,Nitesh Narayan,JCUU1076095431735,IDFC First Bank,BKQZGBPE,vendor,2025-12-25,True,True,none,29
BENE000235,ACC000098,Girish Sekhon,SDCB0651207049611,Yes Bank,VBRBGBSY,employer,2025-10-21,False,False,none,31
BENE000236,ACC000098,Gopal Roy,HTZV9076769915078,Kotak Mahindra Bank,KSGDGBGA,employer,2023-04-23,False,True,none,12
BENE000237,ACC000099,Rishi Date,UQIL6797232002496,IndusInd Bank,QUYLGBT8,family,2022-11-20,True,False,watchlist,36
BENE000238,ACC000099,Manan Singh,JTKJ5089203880653,Yes Bank,GUGZGBEV,friend,2024-12-19,True,True,none,5
BENE000239,ACC000099,Vamakshi Sibal,TWKS9594652170730,Punjab National Bank,UHWHGB3N,employer,2023-04-11,False,True,none,29
BENE000240,ACC000099,Vasana Narula,ZXMG6205015081247,Union Bank of India,GUSYGBXC,friend,2023-11-28,False,False,none,26
BENE000241,ACC000100,Rushil Hora,JFHI2583230241026,Yes Bank,UZDKGBNT,friend,2020-11-13,False,True,none,14
BENE000242,ACC000100,Wriddhish Pingle,ZLVF8961122338655,ICICI Bank,TNUHGBCM,friend,2025-04-14,False,True,none,32
BENE000243,ACC000100,Manthan Narang,HBUZ4289731791286,IDFC First Bank,YUYQGBX5,unknown/first-time,2018-04-13,False,True,watchlist,6
BENE000244,ACC000101,Praneel Nagy,WLQW7774969033373,Yes Bank,MGJNGBYK,self,2020-11-12,True,True,none,21
BENE000245,ACC000102,Aachal Chad,EYCJ7853907895677,Kotak Mahindra Bank,NNLZGB5U,family,2024-03-22,False,True,none,19
BENE000246,ACC000102,Lavanya Bakshi,FOHI1514888143111,Yes Bank,LBRGGBVM,business_partner,2025-05-09,False,False,none,0
BENE000247,ACC000102,Zashil Mittal,XYVI3928404456690,IDFC First Bank,PUQYGBJZ,business_partner,2024-04-08,False,False,none,13
BENE000248,ACC000103,Utkarsh Kadakia,PHQS8775153663778,IDFC First Bank,ALESGBIT,employer,2025-08-03,True,False,none,29
BENE000249,ACC000103,Xalak Pant,KHNN6845909022599,ICICI Bank,TSMMGBNZ,friend,2024-01-14,False,False,none,26
BENE000250,ACC000103,Libni Guha,PDKS7412182097023,Punjab National Bank,CMJGGBOS,vendor,2025-08-12,True,True,none,36
BENE000251,ACC000103,Suhani Bhandari,LQAF5662128671632,Kotak Mahindra Bank,GJNWGB4K,unknown/first-time,2023-04-13,True,False,none,22
BENE000252,ACC000104,Samaksh Thakkar,WVOI3027169385977,IndusInd Bank,OSBXGBFS,vendor,2024-10-21,True,False,none,34
BENE000253,ACC000104,Idika Mishra,MTZF6329676291603,Yes Bank,FIURGBSE,employer,2019-03-04,False,True,watchlist,9
BENE000254,ACC000104,Wakeeta Sabharwal,YRDL1185672438070,Union Bank of India,CUWVGB3Y,unknown/first-time,2025-10-08,False,False,high_risk,13
BENE000255,ACC000105,Mohini Hayer,MBAI1257771183727,IDFC First Bank,IFFAGBGL,vendor,2019-03-11,True,False,none,36
BENE000256,ACC000105,Jeet Warrior,XMFC0427523083708,Kotak Mahindra Bank,UVWVGBGY,self,2019-01-17,False,True,none,11
BENE000257,ACC000105,Sachi Ben,TABY6335331060053,Union Bank of India,VVCHGBGK,vendor,2017-10-25,True,True,none,24
BENE000258,ACC000105,Chaitanya Sagar,QDKK8393866133155,Axis Bank,FAMUGBUA,family,2020-01-24,False,True,none,23
BENE000259,ACC000106,Simon Shanker,HCVI9501364971892,Yes Bank,IDTKGBYI,business_partner,2024-07-09,True,False,none,7
BENE000260,ACC000107,Parth Nadkarni,VPCK0997683890309,IndusInd Bank,YDJHGB1P,vendor,2024-12-02,False,True,none,13
BENE000261,ACC000107,Darpan Devan,LPJG2630397524508,Axis Bank,ZNUJGBBO,friend,2023-08-07,True,False,none,36
BENE000262,ACC000108,Hema Kibe,GRBV3396852701713,Axis Bank,BUEGGBIF,employer,2023-12-21,False,True,none,9
BENE000263,ACC000108,Samarth Keer,QCNX7423362934497,ICICI Bank,UGIZGB4F,business_partner,2022-12-15,False,True,none,36
BENE000264,ACC000108,Mitali Purohit,FPON8962706614982,Punjab National Bank,RXFIGBY3,vendor,2025-12-18,False,True,none,18
BENE000265,ACC000109,Sudiksha Mander,MRTP1527323008576,Kotak Mahindra Bank,NMXLGBY5,vendor,2019-09-09,False,False,none,39
BENE000266,ACC000109,Ekavir Rege,BDMS2364587506633,IndusInd Bank,PBLUGBBJ,vendor,2023-04-03,False,True,none,6
BENE000267,ACC000109,Tamanna Din,IHTS2011669183626,HDFC Bank,IWJQGB8Y,family,2019-05-25,False,True,watchlist,34
BENE000268,ACC000109,Nisha Chakraborty,DUSY5243640270116,ICICI Bank,QNUJGB1K,unknown/first-time,2020-05-27,False,False,none,35
BENE000269,ACC000110,Kavya Grewal,WEGP2817932302346,ICICI Bank,OUTDGBKF,business_partner,2022-10-10,False,True,none,10
BENE000270,ACC000111,Frederick Purohit,DICK0937710040901,IDFC First Bank,GQZAGBY7,self,2023-01-10,True,True,none,29
BENE000271,ACC000111,Vedika Solanki,YKTN5555356690551,Yes Bank,AOWMGBIB,unknown/first-time,2022-06-29,False,True,none,0
BENE000272,ACC000111,Ati Kothari,LOTV7863050505739,ICICI Bank,PMXTGBFW,unknown/first-time,2020-04-04,False,True,none,29
BENE000273,ACC000112,Vamakshi Chaudhry,XMJT3289802714872,ICICI Bank,ODPVGB8P,self,2025-03-30,False,True,none,28
BENE000274,ACC000112,Siddharth Garde,YVWC1602564347128,Punjab National Bank,UXPCGBVO,business_partner,2024-02-06,True,True,none,1
BENE000275,ACC000112,Hemal Purohit,WXXX6863341411159,ICICI Bank,GXDSGBXI,family,2024-02-29,False,True,none,25
BENE000276,ACC000112,Lajita Agarwal,JBSR3665528993160,ICICI Bank,ROKEGBSO,unknown/first-time,2022-12-17,True,True,none,22
BENE000277,ACC000113,Tamanna Din,TJEX0954814973746,HDFC Bank,BZKEGBNO,unknown/first-time,2024-06-24,True,True,none,3
BENE000278,ACC000113,Praneel Sura,XMJV2086567566184,IDFC First Bank,JWGWGB9Z,unknown/first-time,2025-01-13,False,True,none,19
BENE000279,ACC000114,Karan Naik,YZSZ0472927742333,Union Bank of India,XUALGBGJ,self,2024-10-30,True,False,none,15
BENE000280,ACC000114,Prisha Ganguly,BDLP2018596263013,Axis Bank,MPJWGBLY,family,2024-12-02,False,True,none,0
BENE000281,ACC000114,Ubika Raja,IUUO5011117830999,Axis Bank,PIWXGBGL,unknown/first-time,2024-11-11,False,True,high_risk,6
BENE000282,ACC000114,Veda Saraf,JSED5182606888718,State Bank of India,SRWZGBHN,unknown/first-time,2025-01-30,False,True,none,6
BENE000283,ACC000115,Pratyush Gole,AROZ5102932184011,IDFC First Bank,QJLRGBK1,unknown/first-time,2019-01-21,False,True,watchlist,25
BENE000284,ACC000115,Yuvraj Mital,BQZJ8729758598831,ICICI Bank,VBHBGBMJ,family,2019-06-21,False,True,none,11
BENE000285,ACC000115,Tanveer Desai,TRGS5429618446267,IndusInd Bank,CIVNGBJ8,unknown/first-time,2021-03-19,True,True,none,29
BENE000286,ACC000116,Ekavir Luthra,UWUG5989262566093,Kotak Mahindra Bank,CIDRGBH9,unknown/first-time,2023-07-17,True,True,none,13
BENE000287,ACC000116,Dominic Narayan,UCLK4234016361128,Kotak Mahindra Bank,XJSZGB5G,business_partner,2023-04-30,False,False,high_risk,6
BENE000288,ACC000117,Baghyawati Madan,TDBF5625889679240,ICICI Bank,VQWEGBIJ,employer,2021-01-31,False,False,none,8
BENE000289,ACC000117,Amara Bera,XULW3967275784468,State Bank of India,WHJUGBFT,unknown/first-time,2020-12-22,False,False,none,1
BENE000290,ACC000118,Dhriti Chana,UCCX3129014870682,IDFC First Bank,PPQVGB8H,unknown/first-time,2025-10-02,False,True,none,0
BENE000291,ACC000118,Akshay Gupta,XAWN8538909728321,HDFC Bank,LEQLGBD1,employer,2025-10-15,True,True,none,27
BENE000292,ACC000118,Ladli Garde,LDKV3814474430963,Union Bank of India,JUQBGB35,self,2024-04-20,True,True,none,18
BENE000293,ACC000118,Ishani Ahuja,TOKJ5105265016731,State Bank of India,QQENGBH5,vendor,2024-08-10,True,True,none,38
BENE000294,ACC000119,Nachiket Krishna,HPML4562841772256,Yes Bank,ALWGGBHM,family,2023-02-16,False,True,none,2
BENE000295,ACC000119,Banjeet Deol,MNXK0237416787256,IndusInd Bank,QXXMGBIH,unknown/first-time,2023-03-20,False,True,none,21
BENE000296,ACC000119,Ansh Date,ELQA3056906744716,Axis Bank,HTEXGB6L,family,2025-05-07,False,True,watchlist,15
BENE000297,ACC000119,Avni Contractor,IWHV6371892392312,Axis Bank,MBIGGBJ1,employer,2024-01-03,False,True,none,40
BENE000298,ACC000120,Ryan Chand,BMNQ4335670860414,Punjab National Bank,LILWGB0P,self,2024-11-21,True,True,none,9
BENE000299,ACC000121,Champak Gopal,BABV5347491624755,ICICI Bank,JDDVGBA9,family,2024-07-02,True,True,none,5
BENE000300,ACC000121,Garima Patel,XZLX9895343961129,Punjab National Bank,DBSUGBMM,friend,2020-11-09,False,True,none,11
BENE000301,ACC000122,Hardik Borde,RTKJ7382023684855,Kotak Mahindra Bank,OUWDGB1E,employer,2025-07-03,False,True,none,30
BENE000302,ACC000122,Oni Viswanathan,QZAF9424090367881,Yes Bank,FOYQGBY9,vendor,2025-05-09,True,True,none,27
BENE000303,ACC000123,Nandini Magar,GFAF9390878844344,Punjab National Bank,RDFHGBC8,self,2022-04-05,True,False,watchlist,19
BENE000304,ACC000123,Bishakha Baral,UEIE4033810595518,IDFC First Bank,IXENGBSU,family,2025-03-05,False,True,none,29
BENE000305,ACC000123,Advaith Parekh,HXIF4089164983735,Punjab National Bank,IGSUGBZJ,friend,2022-02-25,False,False,none,8
BENE000306,ACC000123,Vincent Saraf,LEPC7272239724042,Punjab National Bank,FMVTGBME,family,2018-05-27,False,True,none,32
BENE000307,ACC000124,Ekbal Sandhu,HOUM1820916601002,IndusInd Bank,HYCIGBJA,vendor,2024-09-01,False,True,none,19
BENE000308,ACC000124,Hitesh Nigam,WCGE7972457230848,Union Bank of India,DABDGB8S,self,2024-10-15,False,True,high_risk,7
BENE000309,ACC000124,Yasti Sagar,EAHA3662543617213,Union Bank of India,DJLCGBVH,family,2022-12-18,False,False,high_risk,22
BENE000310,ACC000125,Frado Bassi,TEFN8592624945147,Yes Bank,VLIZGBEA,unknown/first-time,2023-07-27,False,False,watchlist,15
BENE000311,ACC000125,Manan Nagarajan,EMOX7119642152265,Punjab National Bank,KPNPGB0V,self,2024-11-10,True,True,none,9
BENE000312,ACC000125,Yatan Rajagopal,NRPR8788361968931,Union Bank of India,HLAGGBBX,vendor,2023-12-13,False,True,none,37
BENE000313,ACC000125,Kiaan Choudhary,BLLY2472863330212,State Bank of India,MXAWGB1X,self,2023-10-27,False,True,none,24
BENE000314,ACC000126,Hitesh Borah,PTFA2521310962272,Union Bank of India,XQWJGB40,self,2023-06-06,False,True,watchlist,10
BENE000315,ACC000126,Sachi Arya,JDEB0928206678498,Kotak Mahindra Bank,JWHNGBKR,unknown/first-time,2021-08-02,False,False,none,26
BENE000316,ACC000126,Krishna Dass,XGMT0362891775662,ICICI Bank,BZLUGB1M,self,2024-06-05,False,True,none,17
BENE000317,ACC000126,Ikbal Chawla,CLTY5034281139043,Axis Bank,RGUBGBPR,unknown/first-time,2022-05-27,False,True,none,10
BENE000318,ACC000127,Chaitanya Sule,BBKC4054683565215,ICICI Bank,NXQDGB6J,self,2024-10-22,True,False,none,18
BENE000319,ACC000127,Lavanya Sood,SBJF2711332288985,IndusInd Bank,OZEKGBSX,family,2019-09-24,False,True,none,8
BENE000320,ACC000127,Balveer Ram,HGTT1297102481717,Punjab National Bank,KFJFGBER,family,2022-07-03,True,True,none,13
BENE000321,ACC000127,Ira Chakraborty,CFWY7474721970546,Axis Bank,NTVEGB2X,self,2024-08-09,True,True,none,12
BENE000322,ACC000128,Kashvi Chacko,VNQO4090380214629,Punjab National Bank,MCHMGB3F,unknown/first-time,2025-12-26,False,True,watchlist,10
BENE000323,ACC000128,Unnati Sidhu,UROD1216636515597,Kotak Mahindra Bank,GWXPGBHR,self,2023-11-20,True,True,none,21
BENE000324,ACC000128,Balvan Dugal,PEUG5909605673030,Union Bank of India,YVNIGBQL,family,2024-09-26,True,False,none,6
BENE000325,ACC000129,Lucky Biswas,IMCJ7683420165423,Kotak Mahindra Bank,LNPPGB8K,business_partner,2019-01-09,True,True,none,33
BENE000326,ACC000130,Isha Ramachandran,ARZT3199255027275,Union Bank of India,DZVNGBQ7,employer,2024-06-11,False,True,watchlist,30
BENE000327,ACC000131,Shravya Dass,UOUS1033682963533,IndusInd Bank,VSALGBXB,friend,2021-02-11,False,True,high_risk,15
BENE000328,ACC000131,Damyanti Thakkar,DWPU7665586851276,IndusInd Bank,LFRTGBK8,vendor,2023-02-27,False,True,high_risk,21
BENE000329,ACC000131,Lakshmi Mane,VWVN4911110961798,HDFC Bank,DUOQGBCS,vendor,2025-05-14,True,False,none,8
BENE000330,ACC000132,Siddharth Kapoor,YORM1371576605384,ICICI Bank,IVIJGB0P,business_partner,2025-09-02,False,True,high_risk,15
BENE000331,ACC000133,Oeshi Bali,AAEZ5895529638639,Union Bank of India,UMBZGB1I,unknown/first-time,2023-08-12,False,False,none,0
BENE000332,ACC000133,Oscar Rau,KQFN3128196482531,Yes Bank,CANAGBJB,self,2021-08-28,False,True,high_risk,20
BENE000333,ACC000133,Lavanya Bakshi,XXEO5233438364041,Punjab National Bank,EUAUGBGH,family,2025-11-07,False,False,none,39
BENE000334,ACC000134,Jason Chhabra,EJIF1175361706171,IndusInd Bank,GVNMGBU2,vendor,2018-01-31,False,False,none,12
BENE000335,ACC000135,Pranit Misra,AFVS9015579980284,Union Bank of India,DGTAGB8B,business_partner,2025-10-08,False,True,none,5
BENE000336,ACC000135,Tarak Patla,DGAK2312447315847,IDFC First Bank,XZPNGB6Z,business_partner,2025-06-13,False,True,watchlist,7
BENE000337,ACC000136,Zashil Ghose,GVWI6199423767694,IDFC First Bank,KTDTGBY1,family,2024-11-23,False,True,none,5
BENE000338,ACC000136,Ira Prakash,UCOF0849649856012,IndusInd Bank,ZKNZGBLW,unknown/first-time,2024-06-09,True,True,watchlist,20
BENE000339,ACC000136,Elijah Kale,VLLE5105053795381,Kotak Mahindra Bank,MJTGGB7N,family,2025-11-27,False,True,none,7
BENE000340,ACC000136,Arunima Borde,SUNV6553307704611,State Bank of India,OFTKGBYP,employer,2025-09-22,False,False,none,21
BENE000341,ACC000137,Bhavani Badami,UZSA7426088050171,Union Bank of India,ZNXJGBRU,self,2022-06-15,False,False,watchlist,24
BENE000342,ACC000137,Mugdha Buch,RYKP9064771591030,IDFC First Bank,AEDKGB1O,business_partner,2024-01-19,False,True,none,7
BENE000343,ACC000138,Gaurang Halder,XZLR0040104145964,ICICI Bank,WFESGB3H,self,2022-03-29,True,True,none,7
BENE000344,ACC000138,Eiravati Divan,YSNU7188397745731,Yes Bank,IYJWGBFW,family,2021-10-13,False,False,none,0
BENE000345,ACC000138,Samesh Brahmbhatt,CPBG0376371539885,HDFC Bank,YJWOGBJ6,employer,2025-07-25,False,True,none,27
BENE000346,ACC000139,Kalpit Kanda,LMOT8363146249127,State Bank of India,DXDHGBB3,employer,2025-12-19,False,True,none,0
BENE000347,ACC000139,Amara Balakrishnan,PVQO5418156326868,Punjab National Bank,KBOIGBXG,friend,2024-11-11,False,True,none,31
BENE000348,ACC000139,Lavanya Sami,GJGM2948978610313,Punjab National Bank,DBBSGBRP,family,2025-11-01,False,True,none,2
BENE000349,ACC000140,Harrison Majumdar,HTWW6661347323549,IDFC First Bank,JXADGBL6,unknown/first-time,2021-05-13,False,True,high_risk,36
BENE000350,ACC000140,Dalaja Khare,FKVC2257207650241,Axis Bank,FVYAGBW4,vendor,2022-10-17,False,False,none,21
BENE000351,ACC000140,Vrinda Kota,PDBA9438822114577,Axis Bank,XLRIGB5Q,business_partner,2022-03-25,True,True,watchlist,11
BENE000352,ACC000141,Tara Arya,LJWK8971480263257,IndusInd Bank,AHSXGB1X,friend,2025-11-12,False,True,high_risk,35
BENE000353,ACC000141,Gaurav Hari,MUDI8782455696443,Yes Bank,BSQWGBVH,vendor,2025-11-26,False,False,high_risk,25
BENE000354,ACC000141,Suhani Palan,JDAP2728498247414,ICICI Bank,AOBGGBSH,employer,2025-01-23,False,True,none,12
BENE000355,ACC000141,Vrinda Mohan,ANLV0042548821423,IDFC First Bank,NSCJGBOC,vendor,2024-09-01,False,True,none,37
BENE000356,ACC000142,Isha Kothari,ZVUM6614494296592,Kotak Mahindra Bank,VYGIGBI0,vendor,2025-11-11,False,True,none,28
BENE000357,ACC000143,Charvi Mody,CJSU7826612875857,State Bank of India,LNONGB03,family,2019-12-10,False,True,none,0
BENE000358,ACC000143,Avi Sama,CYET4398529894062,Union Bank of India,MVAOGB73,self,2023-11-09,False,True,none,27
BENE000359,ACC000143,Frado Bhakta,IUDK9149750198038,State Bank of India,ERXPGBIO,self,2018-11-26,False,True,high_risk,11
BENE000360,ACC000143,Charvi Mukhopadhyay,XAZP9311029181331,ICICI Bank,PAQOGBZD,employer,2023-08-13,True,True,none,9
BENE000361,ACC000144,Charita Ravel,PFHR4979162022328,HDFC Bank,XWRGGB44,self,2020-09-15,True,False,none,38
BENE000362,ACC000144,Bimala Chaudhry,SPLV4661766204719,IndusInd Bank,MASJGBC2,business_partner,2024-07-17,True,True,none,24
BENE000363,ACC000144,Isha Dewan,OXOI0258835868122,Punjab National Bank,LUXSGBV3,friend,2018-10-04,False,True,none,7
BENE000364,ACC000144,Arya Mitter,MCUP6792988425995,IDFC First Bank,STMCGBCB,family,2018-11-08,False,False,none,6
BENE000365,ACC000145,Vincent Char,VDPV7533126610941,Punjab National Bank,BXCOGBXB,unknown/first-time,2023-04-09,False,True,none,6
BENE000366,ACC000145,Ekani Chokshi,WOME9833477433268,ICICI Bank,ZZGCGBBG,unknown/first-time,2025-01-13,False,True,none,1
BENE000367,ACC000146,Bahadurjit Dey,ALYN9815287339785,IDFC First Bank,LTREGBE2,business_partner,2025-12-21,False,False,none,37
BENE000368,ACC000146,Krisha Bobal,SCEZ8411730985034,ICICI Bank,IMWLGBEK,business_partner,2025-09-20,False,True,high_risk,7
BENE000369,ACC000146,Falan Warrior,SHQT8469081974005,Union Bank of India,NIGKGBDI,unknown/first-time,2023-04-14,True,True,none,20
BENE000370,ACC000146,Forum Bhatia,HPCZ9905169918724,HDFC Bank,XBDBGB56,family,2024-12-18,True,True,none,5
BENE000371,ACC000147,Inaya Sankar,PJZH0003896087066,ICICI Bank,WENWGB19,self,2024-07-20,True,True,none,34
BENE000372,ACC000147,Jack Sarma,DTLL3560331903689,IndusInd Bank,BZAXGBPD,unknown/first-time,2020-03-31,True,True,none,33
BENE000373,ACC000147,Dakshesh Date,OFJB5593429671114,IDFC First Bank,RGPWGBWO,vendor,2021-06-08,False,False,none,33
BENE000374,ACC000148,Chasmum Peri,YRJU3845881056974,IDFC First Bank,CGEQGBOT,employer,2021-09-15,False,True,none,2
BENE000375,ACC000148,Jason Pradhan,XZEB3771070449641,HDFC Bank,BITMGB5B,family,2021-02-16,True,True,watchlist,13
BENE000376,ACC000148,Leena Sawhney,BHGM2680408509549,Union Bank of India,GYAKGB11,employer,2021-10-05,True,True,none,39
BENE000377,ACC000149,Ikbal Rama,XVJR7699842673204,IDFC First Bank,ZVICGBP8,friend,2023-03-29,True,False,none,10
BENE000378,ACC000149,Geetika Rana,BTIL4490149542770,Punjab National Bank,OAOBGBW4,self,2023-03-09,False,False,watchlist,9
BENE000379,ACC000149,Nilima Bhardwaj,SCIT8517244472322,Axis Bank,TUBHGBHC,self,2023-04-25,False,True,none,36
BENE000380,ACC000149,Yashawini Sarraf,SKBR3044058093511,IDFC First Bank,QODQGBEP,employer,2022-06-02,False,False,none,20
BENE000381,ACC000150,Eshana Prabhu,VNCU6420595565749,HDFC Bank,AFLBGBSJ,employer,2025-04-12,False,True,none,34
BENE000382,ACC000150,Hitesh Kakar,ZKQW8953690261139,IDFC First Bank,QSURGB08,vendor,2024-11-22,True,True,none,23
BENE000383,ACC000150,Charan Sodhi,VQQO5439435353751,Kotak Mahindra Bank,WHOXGB0X,family,2025-03-26,False,True,none,24
BENE000384,ACC000150,Indira Tiwari,CLUP9376392836929,IndusInd Bank,IZJKGBUH,self,2025-01-05,True,True,none,19
BENE000385,ACC000151,Nilima Sama,QESP3270216487120,IDFC First Bank,NAWFGBEI,friend,2025-10-21,True,True,none,38
BENE000386,ACC000151,Pahal Pandya,EMWR3415599910157,HDFC Bank,NUOXGB1S,family,2024-03-05,True,False,none,34
BENE000387,ACC000151,Krish Goswami,XYSQ1209957657289,Union Bank of India,IYDHGBT5,business_partner,2024-07-15,False,False,none,16
BENE000388,ACC000151,Chanakya Vasa,QSQN4565220368499,IDFC First Bank,KDLJGBKH,unknown/first-time,2023-06-27,True,True,none,36
BENE000389,ACC000152,Anusha Sur,OHFJ4913421388209,Yes Bank,BRRZGBMA,unknown/first-time,2025-07-25,True,True,none,26
BENE000390,ACC000152,Atharv Pingle,GJSN7827411767412,Punjab National Bank,IXVDGBWF,family,2024-11-04,False,True,none,32
BENE000391,ACC000152,Falan Narain,FQKI7815061853800,Kotak Mahindra Bank,HESMGBOM,vendor,2025-01-07,False,True,none,5
BENE000392,ACC000153,Upma Doshi,PFXP4231830617893,Yes Bank,WFBNGBQY,business_partner,2018-06-22,False,True,none,15
BENE000393,ACC000153,Ikshita Sule,QVFJ3477695874131,State Bank of India,YYJNGB2U,employer,2017-11-30,True,True,none,35
BENE000394,ACC000153,Pavani D’Alia,FOKV1562779630448,HDFC Bank,GZNBGB9U,vendor,2025-08-04,False,True,none,32
BENE000395,ACC000154,Eesha Sabharwal,MZON6404735047639,HDFC Bank,FRGYGBHV,employer,2020-12-20,False,True,none,34
BENE000396,ACC000155,Anmol Bail,ZMCY5581083583286,IDFC First Bank,WHJZGBKX,unknown/first-time,2024-12-11,True,False,high_risk,33
BENE000397,ACC000155,Odika Kale,RXHA0081867024403,State Bank of India,UYWHGBCR,self,2025-08-21,True,True,none,3
BENE000398,ACC000155,Krishna Rattan,EXIC1186008921963,Punjab National Bank,TJZKGB16,vendor,2025-03-21,False,True,high_risk,21
BENE000399,ACC000156,Chasmum Mahal,OGDI9764613684748,ICICI Bank,QHMAGB5Z,friend,2024-03-31,False,False,none,13
BENE000400,ACC000156,Hritik Sethi,HSAM3757914521182,Union Bank of India,GPSHGBFJ,vendor,2023-11-25,True,True,watchlist,32
BENE000401,ACC000157,Urvashi Virk,XSYH0746452059960,Union Bank of India,IWGYGB95,business_partner,2024-10-06,False,True,none,39
BENE000402,ACC000158,Dhriti Keer,KOWP8811616202812,Kotak Mahindra Bank,GODBGB15,friend,2022-06-14,False,True,none,11
BENE000403,ACC000158,Vidhi Dey,XRNM0416448595922,Yes Bank,JQVGGBX7,self,2022-05-27,False,False,none,5
BENE000404,ACC000158,Urmi Shere,GKXX2287056227104,IDFC First Bank,WGGWGBG8,family,2025-01-13,False,True,watchlist,0
BENE000405,ACC000158,Ganga Chandra,BTOT2158350344694,Kotak Mahindra Bank,LTYMGBQ9,family,2025-07-18,True,False,none,23
BENE000406,ACC000159,Faras Dua,DXGI2491289659994,IDFC First Bank,ZXTVGB4N,business_partner,2024-03-27,True,True,high_risk,28
BENE000407,ACC000159,Aarnav Kata,GCZT2227051028767,State Bank of India,KJQYGBHP,friend,2024-12-08,True,True,none,12
BENE000408,ACC000159,Krishna Rajan,WPLJ8581932426877,Axis Bank,WZIVGBH9,friend,2023-04-06,True,True,none,21
BENE000409,ACC000159,Ijaya Gokhale,ALOY5639836520375,State Bank of India,QGASGBTV,unknown/first-time,2023-12-09,True,False,high_risk,17
BENE000410,ACC000160,Jyoti Kulkarni,QATI0476044090797,Punjab National Bank,PFPXGB8G,employer,2022-02-24,False,True,none,25
BENE000411,ACC000161,Kala Balakrishnan,TWEW2216107051843,ICICI Bank,UTXAGBVU,self,2019-12-28,True,True,none,32
BENE000412,ACC000161,Jeevika Varty,AVMN0138241270493,Axis Bank,WQNFGBAT,self,2025-07-31,True,True,none,38
BENE000413,ACC000161,Indali Dalal,KOSW1971112125902,HDFC Bank,ZAGUGBX3,vendor,2023-11-23,False,True,none,5
BENE000414,ACC000161,Yatin Morar,VUGX2406424295633,Axis Bank,IGFJGBQ2,employer,2021-02-08,False,True,none,7
BENE000415,ACC000162,George Suri,LSLL8720962893654,Axis Bank,GKWQGB9R,unknown/first-time,2025-05-28,False,True,none,6
BENE000416,ACC000162,Yochana Kade,IGOI0182727955969,IDFC First Bank,BKWDGBWA,employer,2024-11-16,False,True,high_risk,37
BENE000417,ACC000162,Oviya Soman,KKUD2542782079799,State Bank of India,WNXMGB4P,family,2024-09-30,False,True,none,17
BENE000418,ACC000163,Kashvi Nazareth,PVMJ0381664969028,IndusInd Bank,FJTWGB7M,self,2023-05-14,True,True,watchlist,24
BENE000419,ACC000163,Kalpit Nath,ZBCJ2576270232441,IDFC First Bank,FHGNGBFP,friend,2023-08-21,False,True,none,30
BENE000420,ACC000164,Kavya Ahluwalia,PFLD7863767316252,IndusInd Bank,MYKJGB1Z,unknown/first-time,2024-01-24,False,True,none,23
BENE000421,ACC000165,Idika Suresh,VXSA3923555809961,IndusInd Bank,UHEPGBMC,family,2024-08-18,False,True,none,0
BENE000422,ACC000165,Chasmum Saran,CKMU2624467046226,Yes Bank,VQDOGBFW,family,2024-06-26,True,False,none,38
BENE000423,ACC000165,Nidhi Arora,FKES8670766046419,IndusInd Bank,ZZOQGBX4,family,2024-05-05,True,False,none,19
BENE000424,ACC000166,Janya Choudhury,ZFNR6120594389760,HDFC Bank,OJBDGB53,unknown/first-time,2025-02-16,True,True,none,23
BENE000425,ACC000167,Chandresh Pingle,INKV4084245607540,Kotak Mahindra Bank,TDLXGBC8,family,2022-10-14,True,False,none,6
BENE000426,ACC000167,Yuvraj Gill,CRDE2764579389701,Union Bank of India,KLBEGBGY,self,2018-03-01,True,True,none,28
BENE000427,ACC000167,Geetika Mittal,NMAF4161394498830,ICICI Bank,LSPGGB1R,employer,2023-01-30,True,True,none,30
BENE000428,ACC000168,Aradhana Thaker,VBTM2440630624479,State Bank of India,ZUKDGBOO,self,2023-03-07,False,True,none,16
BENE000429,ACC000168,Ekta Kant,CTJX9796958678055,Yes Bank,KLOEGB35,friend,2024-07-17,False,True,watchlist,4
BENE000430,ACC000169,Onkar Ramakrishnan,IMBV9178513854457,IDFC First Bank,VOAEGBKW,employer,2019-12-23,False,True,none,8
BENE000431,ACC000169,Ojasvi Bajaj,YJRX7368269116331,HDFC Bank,SJFFGBZ9,employer,2020-04-22,False,True,none,25
BENE000432,ACC000169,Indira Kalla,NTIK5158886367747,IDFC First Bank,FFMJGBA8,business_partner,2024-02-28,False,True,none,32
BENE000433,ACC000169,Ucchal Gera,VDMS6663093299819,IDFC First Bank,SXNAGBUP,business_partner,2023-02-10,False,False,none,13
BENE000434,ACC000170,Urmi Chand,LAXT6883275327352,State Bank of India,JCAGGB33,employer,2019-08-05,True,True,watchlist,32
BENE000435,ACC000170,Sachi Khurana,ZFOQ1952371006876,IDFC First Bank,CZNIGB8H,unknown/first-time,2024-10-26,False,True,none,14
BENE000436,ACC000171,Reva Srivastava,XBJZ6056876112491,Kotak Mahindra Bank,XFLNGBVJ,employer,2018-09-28,False,True,none,34
BENE000437,ACC000171,Vasudha Kade,IDKU1773454757494,Kotak Mahindra Bank,TBYEGBJ7,self,2023-03-03,True,True,watchlist,17
BENE000438,ACC000171,Atharv Kant,LSLW4429477422294,Kotak Mahindra Bank,MIUHGBBN,business_partner,2024-06-14,True,True,none,15
BENE000439,ACC000172,Manbir Arora,ILXQ8679252985856,ICICI Bank,PUFQGB4L,self,2021-05-13,False,True,none,35
BENE000440,ACC000172,Ladli Atwal,VCKH4332491357790,State Bank of India,XZZQGBOM,vendor,2025-11-08,False,True,none,3
BENE000441,ACC000173,Bachittar Rastogi,UDKQ1488810798334,Axis Bank,ZXFWGBPO,unknown/first-time,2022-10-19,False,True,none,1
BENE000442,ACC000174,Peter Baria,TIRI1312840333997,IndusInd Bank,ODRZGBDU,unknown/first-time,2024-02-17,False,True,none,14
BENE000443,ACC000175,Ronith Sridhar,DOCP3189397490961,Axis Bank,XOYUGBM3,employer,2022-11-25,False,False,none,14
BENE000444,ACC000175,Zayan Ray,TIPU2587844483548,IndusInd Bank,QJUOGBHL,friend,2018-10-21,False,False,none,11
BENE000445,ACC000175,Abeer Nagar,QPPF2164175823133,State Bank of India,JQJKGB74,business_partner,2024-11-17,False,True,none,31
BENE000446,ACC000176,Charita Kade,SVEK2362292587964,Kotak Mahindra Bank,HIPJGBXJ,self,2021-09-10,False,True,watchlist,25
BENE000447,ACC000176,Gauri Pandya,XKOJ6966060652740,Union Bank of India,WGGVGBQS,family,2019-08-24,False,True,none,15
BENE000448,ACC000177,Arjun Nagy,NZMK8833987411325,IndusInd Bank,XPXSGB4C,self,2024-05-08,False,True,none,24
BENE000449,ACC000177,Vidhi Krish,ITSM0105485741721,HDFC Bank,KYXNGBJJ,self,2023-10-29,False,True,none,5
BENE000450,ACC000177,Ryan Chakrabarti,OHKS8488402155732,State Bank of India,KOHOGBXV,unknown/first-time,2023-10-28,False,True,high_risk,6
BENE000451,ACC000177,Aashi Kumer,TXAE1666708085096,Yes Bank,BQZKGB85,business_partner,2024-02-16,False,True,none,36
BENE000452,ACC000178,Gauri Bhavsar,XCSC8182819793164,Kotak Mahindra Bank,OOXEGBVE,friend,2022-04-04,True,True,none,34
BENE000453,ACC000178,Harinakshi Setty,QYWX6069409600356,Kotak Mahindra Bank,EIHSGBU8,unknown/first-time,2022-10-22,False,True,none,2
BENE000454,ACC000178,Sai Pant,WSEG2342108902851,IDFC First Bank,KKHVGBNM,friend,2019-01-21,True,False,none,14
BENE000455,ACC000178,Nihal Samra,IHGY5027160736077,Axis Bank,MGGYGBYH,vendor,2021-06-18,True,True,none,18
BENE000456,ACC000179,Parth Toor,SXQD2317955633185,IndusInd Bank,PIQDGB3B,unknown/first-time,2024-02-11,False,False,none,7
BENE000457,ACC000179,Lajita Salvi,MDLL4164316704502,ICICI Bank,HFSAGBI7,friend,2025-02-26,True,True,none,7
BENE000458,ACC000180,Logan Singhal,YBBT3459626228225,HDFC Bank,DZFAGB5N,employer,2022-05-11,True,True,none,21
BENE000459,ACC000180,Netra Prakash,ITKA0507026086982,State Bank of India,FDALGBOF,unknown/first-time,2024-09-09,False,True,watchlist,19
BENE000460,ACC000180,Dominic Chowdhury,PONR7290477425859,Kotak Mahindra Bank,VWDPGB5M,friend,2021-12-15,False,True,watchlist,23
BENE000461,ACC000181,Theodore Varma,EZEH1164913342457,ICICI Bank,VSQQGBRI,business_partner,2024-04-16,False,True,none,9
BENE000462,ACC000181,Pahal Prasad,VESX0603202032650,State Bank of India,SPPLGBMZ,vendor,2025-03-27,False,False,none,7
BENE000463,ACC000181,Tanish Setty,TIRO1485524578715,IndusInd Bank,YQICGBX1,unknown/first-time,2024-11-17,False,True,none,8
BENE000464,ACC000182,Jonathan Chandra,HODD8425476818268,Yes Bank,GEVHGBBM,friend,2024-11-19,False,False,none,26
BENE000465,ACC000182,Max Wali,QBZR5838252129328,Yes Bank,TNGIGBDZ,family,2025-07-25,False,True,none,35
BENE000466,ACC000183,Madhavi Vig,NPOK2401484399106,IDFC First Bank,EEPFGBPZ,vendor,2025-05-15,False,True,none,37
BENE000467,ACC000183,Oni Raman,SGHL1342619237245,IndusInd Bank,AUDQGBT7,employer,2025-06-19,False,True,none,15
BENE000468,ACC000183,Urishilla Kata,VOJD8972154064176,HDFC Bank,SFWWGB5S,family,2024-04-10,False,True,none,8
BENE000469,ACC000183,Harshil Chakrabarti,XTTL3766014448564,HDFC Bank,LCADGB5P,friend,2025-01-02,True,True,none,9
BENE000470,ACC000184,Timothy Saraf,VIDY7899698609191,Axis Bank,SDDYGBPX,business_partner,2023-03-03,True,True,none,7
BENE000471,ACC000184,Meera Baral,LUZO7980660392051,State Bank of India,JNZAGB3Q,vendor,2021-06-25,False,False,none,6
BENE000472,ACC000184,Hemangini Pandey,HIOZ0574238856527,Union Bank of India,CKLTGB8O,self,2025-04-25,False,True,none,23
BENE000473,ACC000184,Damini Chaudhuri,XCUM5972634755752,ICICI Bank,FKADGBMT,family,2021-11-30,True,True,none,26
BENE000474,ACC000185,Pranav Rao,TWCG1196425856261,Punjab National Bank,XZJTGBFU,unknown/first-time,2022-06-10,True,True,none,21
BENE000475,ACC000185,Saanvi Baria,HREV4073333732043,HDFC Bank,ATPOGB09,friend,2022-03-12,False,True,none,2
BENE000476,ACC000186,Nitara Grewal,QSMU9645465535851,State Bank of India,WEKWGBP8,self,2021-06-10,False,False,none,29
BENE000477,ACC000186,Gopal Tripathi,WPRK1935837490797,Kotak Mahindra Bank,PSNCGBKB,employer,2022-05-04,False,True,none,27
BENE000478,ACC000187,Dakshesh Palan,PWEC5149409762637,ICICI Bank,JRWVGBTV,employer,2023-11-08,False,True,none,25
BENE000479,ACC000187,Yashoda Ray,EYRV9509059119186,HDFC Bank,XFXGGBPL,family,2023-12-01,False,True,none,35
BENE000480,ACC000188,Ayushman Talwar,XDKC1696667252145,Punjab National Bank,FWNIGB5F,vendor,2022-05-03,False,False,none,10
BENE000481,ACC000189,Abha Ratti,GHLU1571840908051,IndusInd Bank,FAQAGBAU,family,2020-01-07,False,True,none,23
BENE000482,ACC000190,Damini Bala,ZSSL1239728351295,Axis Bank,SFOWGBL6,friend,2024-12-29,True,True,none,38
BENE000483,ACC000190,Sai Balasubramanian,TBRZ1441529821739,Kotak Mahindra Bank,ETKOGB9Y,family,2025-10-27,True,True,none,2
BENE000484,ACC000190,Jackson Bhatti,KHLE3736050791815,Kotak Mahindra Bank,QSSWGB87,self,2025-11-10,True,True,none,30
BENE000485,ACC000191,Sai Mandal,KEOY3466661707158,Yes Bank,PTMJGB5S,self,2023-11-13,True,True,high_risk,18
BENE000486,ACC000192,Benjamin Guha,CJSX9825080046358,Axis Bank,BVNXGB67,friend,2025-05-21,False,True,high_risk,6
BENE000487,ACC000192,Yashoda Prabhakar,VWBG1723513739900,IndusInd Bank,MGWDGBSA,unknown/first-time,2025-08-17,False,True,none,9
BENE000488,ACC000192,Ganga Goel,MHLM0229394694346,Union Bank of India,WANNGBYR,business_partner,2025-05-14,True,False,none,2
BENE000489,ACC000192,Vinaya Kulkarni,TAUW6072311127128,State Bank of India,KFXIGBZS,family,2025-07-16,False,True,watchlist,5
BENE000490,ACC000193,Bhavani Lal,DYDM3187328077113,State Bank of India,BMFCGBEP,business_partner,2020-01-18,True,True,none,8
BENE000491,ACC000193,Kamala Sarma,XEOT0833509025425,Kotak Mahindra Bank,OGUBGBZY,friend,2024-08-21,False,True,watchlist,24
BENE000492,ACC000194,Bishakha Tiwari,CHFU3570713984822,Union Bank of India,RKBDGBE0,employer,2024-07-07,True,True,none,31
BENE000493,ACC000194,Omkaar Nagy,LBED3060906913098,HDFC Bank,CAUPGBYS,family,2025-12-26,True,True,none,5
BENE000494,ACC000195,Shivani Khanna,VPTI5772785324264,Punjab National Bank,FLXAGB1T,friend,2019-12-14,True,True,none,17
BENE000495,ACC000195,Brijesh Sharaf,NWRH6253666777675,Yes Bank,KKVMGBI7,friend,2018-08-01,False,True,none,29
BENE000496,ACC000195,Yatan Kalla,WGSG9578654362718,Punjab National Bank,UOJYGB0D,friend,2024-08-01,False,True,watchlist,36
BENE000497,ACC000195,Teerth Nazareth,RFVM8627036924926,HDFC Bank,SZZGGBJ0,friend,2021-12-10,False,False,none,39
BENE000498,ACC000196,Upadhriti Korpal,XEYP5998011100051,Yes Bank,KLGXGBJN,employer,2025-08-10,False,True,none,26
BENE000499,ACC000196,Dominic Patil,TKSO7524418222618,Punjab National Bank,TNFRGB94,friend,2025-11-08,False,True,none,3
BENE000500,ACC000197,Zaid Comar,VEOD0267672095799,IDFC First Bank,FOAPGBWV,self,2022-08-16,False,True,none,10
BENE000501,ACC000197,Kala Biswas,FETJ6213541597099,IndusInd Bank,NFLIGBM6,business_partner,2022-04-11,False,True,none,29
BENE000502,ACC000198,Zinal Bajwa,PKFB3447650471580,Punjab National Bank,ETAXGBBT,vendor,2025-09-29,False,False,none,11
BENE000503,ACC000199,Ryan Singhal,MMBW4655866525483,IndusInd Bank,PJICGB2F,family,2023-08-03,False,True,none,21
BENE000504,ACC000200,Yashodhara Comar,AZEZ1312512931100,Punjab National Bank,XZKTGBEJ,self,2021-08-18,True,False,none,9
BENE000505,ACC000200,Ganga Cherian,TDBW2312110633016,State Bank of India,KUQGGB4M,unknown/first-time,2021-01-29,False,True,none,38
BENE000506,ACC000200,Quincy Singh,JXVS0728012342893,HDFC Bank,WDWYGBEM,business_partner,2022-05-04,False,False,high_risk,13
BENE000507,ACC000200,Ekanta Kari,FMUS4968436453804,Axis Bank,JYFCGBDE,business_partner,2019-06-17,True,False,none,40
BENE000508,ACC000201,Hemangini Bhasin,TYNC7015959194575,State Bank of India,XZPLGB5T,self,2020-03-12,True,False,none,28
BENE000509,ACC000201,Dhriti Gupta,HSFB5677567772266,IDFC First Bank,AEZKGBYJ,family,2023-07-25,False,True,none,3
BENE000510,ACC000202,Jasmit Atwal,NZVF2923106724530,Yes Bank,PMFJGB9R,business_partner,2025-03-21,False,True,none,26
BENE000511,ACC000203,Ranveer Sur,TXPN6270511579423,IDFC First Bank,QPZGGB05,unknown/first-time,2025-01-27,False,False,none,36
BENE000512,ACC000203,Darika Dutt,KUJV9691928455259,HDFC Bank,PCAOGBX0,employer,2025-02-26,False,True,none,37
BENE000513,ACC000203,Shaurya Narain,WHKU7485953259399,State Bank of India,HHPSGB4B,friend,2025-05-28,False,True,none,29
BENE000514,ACC000203,Yasti Chandran,MYET5187794176342,Punjab National Bank,LYBPGBPO,business_partner,2025-05-28,True,True,none,26
BENE000515,ACC000204,Falak Parekh,TPRE4575983399140,HDFC Bank,XGQZGB6S,vendor,2025-12-02,False,True,none,40
BENE000516,ACC000204,Krisha Sampath,WAJI3240061572768,ICICI Bank,FTOYGBUG,self,2022-11-02,False,True,none,34
BENE000517,ACC000204,Tamanna Majumdar,GWTO4292501058752,Union Bank of India,KXMRGBB1,vendor,2022-10-29,True,True,none,12
BENE000518,ACC000205,Meghana Gokhale,KTYB4599080271122,Yes Bank,DQFWGBPF,self,2022-07-31,False,True,none,7
BENE000519,ACC000206,Ishanvi Nigam,CNKY1768086628137,Punjab National Bank,FDYIGBOP,vendor,2023-12-02,False,True,none,34
BENE000520,ACC000206,Arjun Ben,UWHP0033228556608,IDFC First Bank,YJPAGB09,business_partner,2023-04-14,False,True,watchlist,29
BENE000521,ACC000206,Banjeet Iyengar,SBGH9705195826328,Yes Bank,AUXTGBSR,family,2025-02-16,False,True,none,24
BENE000522,ACC000206,Yasti Rama,FGYT4535461470798,IndusInd Bank,YMGFGBHC,unknown/first-time,2022-11-02,False,True,high_risk,6
BENE000523,ACC000207,Hredhaan Jha,GYSX4394570394380,HDFC Bank,JAGFGBVN,employer,2023-11-11,False,True,none,39
BENE000524,ACC000208,Lipika Narang,OMTY2778943191009,Punjab National Bank,BAIAGBT2,employer,2022-08-27,False,True,none,26
BENE000525,ACC000209,Nathaniel Chatterjee,BLGU3651460401424,Punjab National Bank,OZGDGBB4,employer,2025-03-20,True,True,none,30
BENE000526,ACC000209,Akshay Chowdhury,CXHO9844097123166,Yes Bank,ABPNGB30,business_partner,2025-07-27,True,False,watchlist,25
BENE000527,ACC000210,Agastya Basu,VCYI4734043370096,Axis Bank,RWPZGBOD,employer,2024-03-18,False,True,watchlist,16
BENE000528,ACC000211,Januja Chakrabarti,TLOP8255882556296,Axis Bank,LOLYGBSJ,self,2024-09-30,False,True,none,9
BENE000529,ACC000211,Nikita Parsa,NCTI2557782058295,IDFC First Bank,RUXFGBIN,business_partner,2023-12-04,False,True,none,36
BENE000530,ACC000211,Finn Saini,DQRB8190482357155,Axis Bank,RMQVGBZO,employer,2024-07-20,False,True,none,25
BENE000531,ACC000212,Nikita Cherian,HUUO2308172143643,IndusInd Bank,RUDGGBBB,family,2025-09-15,False,False,high_risk,11
BENE000532,ACC000213,Chakrika Dara,GFYV1147165609456,IDFC First Bank,LGJNGB4C,family,2024-06-27,False,True,none,8
BENE000533,ACC000213,Azad Tata,KLAI7681699570607,ICICI Bank,YCPIGB8F,unknown/first-time,2025-09-04,False,False,none,40
BENE000534,ACC000213,Yatan Chandra,OMXK3970548739610,IDFC First Bank,VESVGBB6,family,2023-07-06,False,True,none,1
BENE000535,ACC000213,Ekapad Thakkar,FOIW9680491872742,HDFC Bank,BJTKGB1H,unknown/first-time,2025-10-25,False,True,none,34
BENE000536,ACC000214,Faraj Issac,PPHA6260423597371,IndusInd Bank,DFEEGBB2,self,2017-11-18,False,False,none,22
BENE000537,ACC000215,Jeevika Sani,AWQW5816704686111,Axis Bank,IVLPGBZ6,friend,2022-01-25,True,True,none,24
BENE000538,ACC000215,Laksh Dara,AFCS2378584712961,HDFC Bank,RBHGGBJT,friend,2021-02-14,False,True,none,40
BENE000539,ACC000216,Mahika Apte,LBQZ0184980425373,Punjab National Bank,GVPPGB4N,employer,2024-11-01,True,True,none,16
BENE000540,ACC000217,Orinder Rama,RUUR1228217819236,ICICI Bank,ULHIGB0D,vendor,2021-08-07,True,True,none,31
BENE000541,ACC000217,Brijesh Nagi,YMAG5679327986239,IndusInd Bank,QJPYGBE1,self,2023-09-24,True,True,none,26
BENE000542,ACC000218,Omisha Bhatti,RCWY2054647548954,Punjab National Bank,PQPMGB9I,business_partner,2022-11-02,False,True,none,11
BENE000543,ACC000218,Geetika Chand,WPKR8914444983553,Union Bank of India,SGLJGBMV,unknown/first-time,2021-09-25,False,True,high_risk,22
BENE000544,ACC000218,Arya Lalla,TNVV3924358853798,Union Bank of India,FDXXGBSP,employer,2021-07-05,False,True,none,16
BENE000545,ACC000218,Geetika Goswami,UZPL3674978524914,Axis Bank,DMRMGBAE,employer,2021-09-19,True,True,none,9
BENE000546,ACC000219,Aachal Talwar,ORSI8963406791766,ICICI Bank,KDEFGBHX,family,2020-08-02,False,True,none,5
BENE000547,ACC000219,Benjamin Boase,IDRR4216309001594,State Bank of India,JNHHGBOR,friend,2022-08-31,False,False,none,5
BENE000548,ACC000220,Warjas Doshi,ARSK3263890219947,IDFC First Bank,DDHNGBOP,unknown/first-time,2021-01-24,False,False,none,31
BENE000549,ACC000220,Noah Ghose,HIDA3469967331167,IDFC First Bank,OEXMGBYB,vendor,2019-05-06,False,True,none,17
BENE000550,ACC000220,Samesh Swamy,NZQK5078967935219,ICICI Bank,WVMFGBZN,employer,2021-05-12,False,True,none,31
